,WinTeam,LoseTeam,confidence
0,Cleveland Cavaliers,New York Knicks,0.887628083
1,Golden State Warriors,San Antonio Spurs,0.642277214
2,Portland Trail Blazers,Utah Jazz,0.614716449
3,Boston Celtics,Brooklyn Nets,0.899325554
4,Indiana Pacers,Dallas Mavericks,0.620863616
5,Houston Rockets,Los Angeles Lakers,0.821679835
6,Memphis Grizzlies,Minnesota Timberwolves,0.649137295
7,Charlotte Hornets,Milwaukee Bucks,0.697389505
8,New Orleans Pelicans,Denver Nuggets,0.551064842
9,Miami Heat,Orlando Magic,0.67725951
10,Oklahoma City Thunder,Philadelphia 76ers,0.94901727
11,Sacramento Kings,Phoenix Suns,0.609313724
12,Toronto Raptors,Detroit Pistons,0.734299309
13,Atlanta Hawks,Washington Wizards,0.701977148
14,Boston Celtics,Chicago Bulls,0.633562575
15,Los Angeles Clippers,Portland Trail Blazers,0.52349156
16,San Antonio Spurs,Sacramento Kings,0.866384745
17,Indiana Pacers,Brooklyn Nets,0.801175523
18,Dallas Mavericks,Houston Rockets,0.521859998
19,Detroit Pistons,Orlando Magic,0.688936952
20,Miami Heat,Charlotte Hornets,0.547825919
21,Golden State Warriors,New Orleans Pelicans,0.913677547
22,Oklahoma City Thunder,Phoenix Suns,0.933511432
23,Cleveland Cavaliers,Toronto Raptors,0.578326369
24,Utah Jazz,Los Angeles Lakers,0.837091761
25,Indiana Pacers,Chicago Bulls,0.575907177
26,Charlotte Hornets,Boston Celtics,0.575493781
27,Cleveland Cavaliers,Orlando Magic,0.87253675
28,Portland Trail Blazers,Denver Nuggets,0.709256641
29,Milwaukee Bucks,Brooklyn Nets,0.739053133
30,Memphis Grizzlies,New York Knicks,0.567426914
31,Atlanta Hawks,Philadelphia 76ers,0.895439886
32,Sacramento Kings,Minnesota Timberwolves,0.616978514
33,San Antonio Spurs,New Orleans Pelicans,0.935867073
34,Detroit Pistons,Milwaukee Bucks,0.762598993
35,Houston Rockets,Dallas Mavericks,0.556435158
36,Los Angeles Clippers,Utah Jazz,0.683884318
37,Washington Wizards,Memphis Grizzlies,0.530517705
38,San Antonio Spurs,Miami Heat,0.726156068
39,Oklahoma City Thunder,Los Angeles Lakers,0.948328993
40,Golden State Warriors,Phoenix Suns,0.943382931
41,Atlanta Hawks,Sacramento Kings,0.796194747
42,Chicago Bulls,Brooklyn Nets,0.781939065
43,Los Angeles Clippers,Phoenix Suns,0.889185088
44,Toronto Raptors,Denver Nuggets,0.856798331
45,Cleveland Cavaliers,Houston Rockets,0.813429321
46,Detroit Pistons,New York Knicks,0.718759418
47,Indiana Pacers,Los Angeles Lakers,0.882371105
48,Miami Heat,Sacramento Kings,0.757565309
49,Minnesota Timberwolves,Memphis Grizzlies,0.517020407
50,New Orleans Pelicans,Milwaukee Bucks,0.561689592
51,Orlando Magic,Philadelphia 76ers,0.794324041
52,Golden State Warriors,Portland Trail Blazers,0.771313561
53,San Antonio Spurs,Utah Jazz,0.850659927
54,Atlanta Hawks,Los Angeles Lakers,0.90512521
55,Boston Celtics,Chicago Bulls,0.64864512
56,Detroit Pistons,Brooklyn Nets,0.769515142
57,Charlotte Hornets,Philadelphia 76ers,0.945197843
58,Oklahoma City Thunder,Los Angeles Clippers,0.561785627
59,Memphis Grizzlies,New Orleans Pelicans,0.654447332
60,Houston Rockets,New York Knicks,0.661233218
61,Portland Trail Blazers,Phoenix Suns,0.83921758
62,Utah Jazz,Dallas Mavericks,0.528689464
63,Toronto Raptors,Washington Wizards,0.667668651
64,Cleveland Cavaliers,Boston Celtics,0.74083917
65,Golden State Warriors,Oklahoma City Thunder,0.729866308
66,Indiana Pacers,Milwaukee Bucks,0.657521023
67,Minnesota Timberwolves,Denver Nuggets,0.610777401
68,Orlando Magic,Sacramento Kings,0.584458203
69,Charlotte Hornets,Brooklyn Nets,0.828678276
70,Chicago Bulls,New York Knicks,0.615116988
71,Portland Trail Blazers,Dallas Mavericks,0.630931538
72,Golden State Warriors,Los Angeles Lakers,0.964845826
73,Los Angeles Clippers,Memphis Grizzlies,0.703349689
74,New Orleans Pelicans,Phoenix Suns,0.653463893
75,Toronto Raptors,Miami Heat,0.62504368
76,San Antonio Spurs,Utah Jazz,0.797488985
77,Atlanta Hawks,Washington Wizards,0.535922351
78,Atlanta Hawks,Houston Rockets,0.685335242
79,Detroit Pistons,Denver Nuggets,0.75471763
80,Indiana Pacers,Chicago Bulls,0.616339785
81,Milwaukee Bucks,Sacramento Kings,0.52811767
82,Oklahoma City Thunder,Minnesota Timberwolves,0.904520384
83,Washington Wizards,Orlando Magic,0.541118471
84,Cleveland Cavaliers,Philadelphia 76ers,0.958003514
85,San Antonio Spurs,Los Angeles Clippers,0.764690471
86,Boston Celtics,Denver Nuggets,0.811060868
87,Dallas Mavericks,Milwaukee Bucks,0.713092446
88,Phoenix Suns,Los Angeles Lakers,0.578967598
89,Portland Trail Blazers,Memphis Grizzlies,0.695140736
90,Utah Jazz,New York Knicks,0.683591132
91,Toronto Raptors,Sacramento Kings,0.831082694
92,Chicago Bulls,Orlando Magic,0.580715424
93,Charlotte Hornets,Indiana Pacers,0.633169582
94,Golden State Warriors,New Orleans Pelicans,0.95048827
95,Los Angeles Clippers,Detroit Pistons,0.706970454
96,Oklahoma City Thunder,Miami Heat,0.718019799
97,Utah Jazz,Philadelphia 76ers,0.870326354
98,Washington Wizards,Houston Rockets,0.550155295
99,Minnesota Timberwolves,Brooklyn Nets,0.598033485
100,Cleveland Cavaliers,Atlanta Hawks,0.755324263
101,Dallas Mavericks,Los Angeles Lakers,0.828142247
102,Memphis Grizzlies,Denver Nuggets,0.640918779
103,Portland Trail Blazers,Phoenix Suns,0.855442937
104,Sacramento Kings,New Orleans Pelicans,0.622492208
105,Atlanta Hawks,Chicago Bulls,0.671389958
106,Charlotte Hornets,Utah Jazz,0.651328957
107,Golden State Warriors,Dallas Mavericks,0.888034465
108,Indiana Pacers,Philadelphia 76ers,0.934576491
109,Los Angeles Clippers,Portland Trail Blazers,0.562053333
110,New York Knicks,Brooklyn Nets,0.699295944
111,Oklahoma City Thunder,Toronto Raptors,0.630353126
112,Orlando Magic,Minnesota Timberwolves,0.639368849
113,Detroit Pistons,Phoenix Suns,0.735206698
114,San Antonio Spurs,Houston Rockets,0.863104319
115,Boston Celtics,Washington Wizards,0.554980779
116,Golden State Warriors,Denver Nuggets,0.88620203
117,Miami Heat,Chicago Bulls,0.620383626
118,Milwaukee Bucks,New Orleans Pelicans,0.590857172
119,Sacramento Kings,Los Angeles Lakers,0.757322484
120,Boston Celtics,New York Knicks,0.780965345
121,Toronto Raptors,Charlotte Hornets,0.543028737
122,Oklahoma City Thunder,Los Angeles Clippers,0.683508491
123,Utah Jazz,Orlando Magic,0.585333349
124,Indiana Pacers,Philadelphia 76ers,0.878989399
125,Portland Trail Blazers,Sacramento Kings,0.76005666
126,San Antonio Spurs,Detroit Pistons,0.863988644
127,Cleveland Cavaliers,Washington Wizards,0.754665121
128,Atlanta Hawks,Philadelphia 76ers,0.947829087
129,Washington Wizards,Chicago Bulls,0.511769439
130,Detroit Pistons,Denver Nuggets,0.564774109
131,San Antonio Spurs,Houston Rockets,0.778828274
132,Indiana Pacers,Boston Celtics,0.528929871
133,Miami Heat,Utah Jazz,0.611487404
134,Memphis Grizzlies,Milwaukee Bucks,0.518555252
135,Los Angeles Clippers,Minnesota Timberwolves,0.729497209
136,New Orleans Pelicans,Los Angeles Lakers,0.71139764
137,Phoenix Suns,Brooklyn Nets,0.61870026
138,Toronto Raptors,New York Knicks,0.832483464
139,Cleveland Cavaliers,Charlotte Hornets,0.751987479
140,Golden State Warriors,Phoenix Suns,0.965269885
141,Minnesota Timberwolves,Los Angeles Lakers,0.759106812
142,Oklahoma City Thunder,Orlando Magic,0.868048996
143,Portland Trail Blazers,Denver Nuggets,0.79390373
144,Oklahoma City Thunder,Detroit Pistons,0.685161835
145,Houston Rockets,Philadelphia 76ers,0.916269178
146,Indiana Pacers,Orlando Magic,0.728908309
147,Los Angeles Clippers,Brooklyn Nets,0.915749837
148,Boston Celtics,New Orleans Pelicans,0.730477668
149,Dallas Mavericks,New York Knicks,0.671183406
150,San Antonio Spurs,Miami Heat,0.793029962
151,Utah Jazz,Memphis Grizzlies,0.635773326
152,Cleveland Cavaliers,Toronto Raptors,0.639568366
153,Brooklyn Nets,Los Angeles Lakers,0.503756945
154,Miami Heat,Atlanta Hawks,0.552274088
155,Charlotte Hornets,Minnesota Timberwolves,0.666530512
156,Portland Trail Blazers,Chicago Bulls,0.623584247
157,Atlanta Hawks,Milwaukee Bucks,0.832207758
158,Boston Celtics,Dallas Mavericks,0.653002489
159,Denver Nuggets,Phoenix Suns,0.719335522
160,Cleveland Cavaliers,Indiana Pacers,0.687183604
161,Los Angeles Clippers,Memphis Grizzlies,0.780853074
162,Detroit Pistons,New York Knicks,0.659550072
163,Oklahoma City Thunder,Houston Rockets,0.807320056
164,Orlando Magic,New Orleans Pelicans,0.644745816
165,Washington Wizards,Philadelphia 76ers,0.848641674
166,San Antonio Spurs,Sacramento Kings,0.866384745
167,Golden State Warriors,Toronto Raptors,0.684690742
168,Portland Trail Blazers,Houston Rockets,0.587164718
169,Miami Heat,Milwaukee Bucks,0.798678288
170,Minnesota Timberwolves,Philadelphia 76ers,0.857162841
171,Utah Jazz,Chicago Bulls,0.523909178
172,Washington Wizards,New York Knicks,0.689029931
173,Golden State Warriors,Boston Celtics,0.751652251
174,Charlotte Hornets,Atlanta Hawks,0.594157763
175,Cleveland Cavaliers,Detroit Pistons,0.814565596
176,Dallas Mavericks,Memphis Grizzlies,0.618911298
177,Toronto Raptors,Denver Nuggets,0.762606523
178,Indiana Pacers,Phoenix Suns,0.851598856
179,San Antonio Spurs,Los Angeles Lakers,0.955129896
180,Portland Trail Blazers,New Orleans Pelicans,0.768283506
181,Oklahoma City Thunder,Brooklyn Nets,0.95004714
182,Los Angeles Clippers,Sacramento Kings,0.731413568
183,Boston Celtics,Detroit Pistons,0.519512042
184,Houston Rockets,Utah Jazz,0.542379136
185,Los Angeles Clippers,Chicago Bulls,0.691957893
186,Memphis Grizzlies,Minnesota Timberwolves,0.649137295
187,Golden State Warriors,Milwaukee Bucks,0.905179179
188,Charlotte Hornets,New Orleans Pelicans,0.718724134
189,Dallas Mavericks,Orlando Magic,0.571487855
190,Phoenix Suns,Philadelphia 76ers,0.644072416
191,Miami Heat,Washington Wizards,0.57364325
192,Portland Trail Blazers,Brooklyn Nets,0.862568777
193,Utah Jazz,Denver Nuggets,0.591361243
194,Chicago Bulls,Los Angeles Lakers,0.830854045
195,Atlanta Hawks,New York Knicks,0.733808137
196,Oklahoma City Thunder,Indiana Pacers,0.77766531
197,Toronto Raptors,Sacramento Kings,0.775218643
198,Charlotte Hornets,Memphis Grizzlies,0.754702149
199,Detroit Pistons,Houston Rockets,0.58516824
200,Golden State Warriors,Indiana Pacers,0.776691966
201,Toronto Raptors,Los Angeles Clippers,0.506436421
202,Orlando Magic,Milwaukee Bucks,0.505140158
203,Boston Celtics,Minnesota Timberwolves,0.679492445
204,Miami Heat,Philadelphia 76ers,0.908905755
205,San Antonio Spurs,Dallas Mavericks,0.857730741
206,Washington Wizards,Phoenix Suns,0.803849787
207,Atlanta Hawks,New Orleans Pelicans,0.834463801
208,Chicago Bulls,Denver Nuggets,0.58224288
209,Oklahoma City Thunder,Los Angeles Lakers,0.933973562
210,Portland Trail Blazers,New York Knicks,0.784570996
211,Boston Celtics,Brooklyn Nets,0.836879991
212,San Antonio Spurs,Charlotte Hornets,0.690805858
213,Cleveland Cavaliers,Portland Trail Blazers,0.700302328
214,Los Angeles Clippers,Dallas Mavericks,0.639973992
215,Miami Heat,Detroit Pistons,0.538424852
216,Golden State Warriors,Los Angeles Lakers,0.973212889
217,Toronto Raptors,Houston Rockets,0.651923154
218,Indiana Pacers,Atlanta Hawks,0.548033285
219,New Orleans Pelicans,Minnesota Timberwolves,0.559927822
220,Orlando Magic,Phoenix Suns,0.724332867
221,Memphis Grizzlies,Philadelphia 76ers,0.802957656
222,Oklahoma City Thunder,Sacramento Kings,0.811636952
223,Utah Jazz,Denver Nuggets,0.719006509
224,San Antonio Spurs,Boston Celtics,0.701257773
225,Cleveland Cavaliers,Dallas Mavericks,0.806542898
226,Oklahoma City Thunder,Denver Nuggets,0.800542461
227,Los Angeles Clippers,Detroit Pistons,0.579012441
228,Indiana Pacers,Brooklyn Nets,0.886018856
229,Golden State Warriors,Los Angeles Lakers,0.964845826
230,Miami Heat,Memphis Grizzlies,0.667873426
231,Toronto Raptors,Milwaukee Bucks,0.797484637
232,Charlotte Hornets,New York Knicks,0.737304064
233,Washington Wizards,Orlando Magic,0.541118471
234,Chicago Bulls,Philadelphia 76ers,0.866022535
235,Minnesota Timberwolves,Phoenix Suns,0.553026015
236,Portland Trail Blazers,New Orleans Pelicans,0.8034362
237,Houston Rockets,Sacramento Kings,0.583961986
238,Atlanta Hawks,Utah Jazz,0.546268231
239,Charlotte Hornets,New York Knicks,0.789299112
240,Golden State Warriors,Minnesota Timberwolves,0.949375532
241,Miami Heat,Memphis Grizzlies,0.721624263
242,Oklahoma City Thunder,Detroit Pistons,0.808484779
243,San Antonio Spurs,Washington Wizards,0.790676371
244,Sacramento Kings,Brooklyn Nets,0.652217705
245,Dallas Mavericks,New Orleans Pelicans,0.716404276
246,Los Angeles Clippers,Indiana Pacers,0.531155579
247,Atlanta Hawks,Los Angeles Lakers,0.866805688
248,Orlando Magic,Milwaukee Bucks,0.641016485
249,Cleveland Cavaliers,Philadelphia 76ers,0.958003514
250,Denver Nuggets,Phoenix Suns,0.56188106
251,Portland Trail Blazers,Houston Rockets,0.638465822
252,Golden State Warriors,Atlanta Hawks,0.854498891
253,Charlotte Hornets,Memphis Grizzlies,0.637322448
254,Miami Heat,Boston Celtics,0.533197243
255,Utah Jazz,Minnesota Timberwolves,0.606078082
256,Oklahoma City Thunder,New York Knicks,0.85697844
257,Toronto Raptors,Philadelphia 76ers,0.958125037
258,Washington Wizards,Sacramento Kings,0.686880791
259,Los Angeles Clippers,Brooklyn Nets,0.867131113
260,Charlotte Hornets,Detroit Pistons,0.675665075
261,Cleveland Cavaliers,Milwaukee Bucks,0.857739101
262,New Orleans Pelicans,Los Angeles Lakers,0.71139764
263,San Antonio Spurs,Orlando Magic,0.908249332
264,Utah Jazz,Houston Rockets,0.539823384
265,Boston Celtics,Detroit Pistons,0.664745831
266,Chicago Bulls,Los Angeles Lakers,0.794407113
267,San Antonio Spurs,Dallas Mavericks,0.808889361
268,Miami Heat,Denver Nuggets,0.682675545
269,Minnesota Timberwolves,New York Knicks,0.565856107
270,Oklahoma City Thunder,Washington Wizards,0.819212332
271,Atlanta Hawks,Phoenix Suns,0.79801639
272,Portland Trail Blazers,Indiana Pacers,0.595833476
273,Toronto Raptors,Memphis Grizzlies,0.803209434
274,Milwaukee Bucks,Brooklyn Nets,0.596312809
275,Charlotte Hornets,Dallas Mavericks,0.66411095
276,Cleveland Cavaliers,Los Angeles Clippers,0.69204597
277,Golden State Warriors,Houston Rockets,0.892407033
278,Memphis Grizzlies,Orlando Magic,0.562317942
279,Miami Heat,Utah Jazz,0.583801268
280,Atlanta Hawks,Detroit Pistons,0.686951416
281,Boston Celtics,Sacramento Kings,0.779248017
282,Cleveland Cavaliers,Chicago Bulls,0.810054596
283,Houston Rockets,Denver Nuggets,0.566617931
284,Los Angeles Clippers,New Orleans Pelicans,0.775159973
285,New York Knicks,Minnesota Timberwolves,0.536685872
286,Orlando Magic,Philadelphia 76ers,0.794324041
287,San Antonio Spurs,Washington Wizards,0.872099037
288,Toronto Raptors,Los Angeles Lakers,0.923165613
289,Charlotte Hornets,Minnesota Timberwolves,0.82378697
290,Dallas Mavericks,Chicago Bulls,0.505893182
291,Golden State Warriors,Phoenix Suns,0.965269885
292,Memphis Grizzlies,Los Angeles Lakers,0.781863957
293,Milwaukee Bucks,Brooklyn Nets,0.739053133
294,Boston Celtics,Philadelphia 76ers,0.902422118
295,Portland Trail Blazers,Miami Heat,0.517663184
296,Toronto Raptors,Atlanta Hawks,0.6601148
297,Utah Jazz,Denver Nuggets,0.719006509
298,Detroit Pistons,Orlando Magic,0.688936952
299,Los Angeles Clippers,Indiana Pacers,0.666552451
300,Sacramento Kings,New York Knicks,0.521116454
301,Oklahoma City Thunder,New Orleans Pelicans,0.906521972
302,Oklahoma City Thunder,Atlanta Hawks,0.584973061
303,Washington Wizards,Brooklyn Nets,0.756714421
304,Portland Trail Blazers,Chicago Bulls,0.678988619
305,Charlotte Hornets,Dallas Mavericks,0.56849482
306,Golden State Warriors,Indiana Pacers,0.873800681
307,Boston Celtics,Houston Rockets,0.537593896
308,Utah Jazz,Los Angeles Lakers,0.836073755
309,San Antonio Spurs,Milwaukee Bucks,0.881006333
310,Memphis Grizzlies,New Orleans Pelicans,0.544258659
311,Denver Nuggets,Philadelphia 76ers,0.735441794
312,Cleveland Cavaliers,Toronto Raptors,0.578326369
313,Detroit Pistons,Chicago Bulls,0.56957182
314,Memphis Grizzlies,Philadelphia 76ers,0.872215988
315,Miami Heat,New York Knicks,0.759399236
316,San Antonio Spurs,Minnesota Timberwolves,0.865253989
317,Utah Jazz,Phoenix Suns,0.797196739
318,Washington Wizards,Orlando Magic,0.657556938
319,Atlanta Hawks,Miami Heat,0.569637151
320,Denver Nuggets,Brooklyn Nets,0.606631114
321,Charlotte Hornets,Detroit Pistons,0.675665075
322,Dallas Mavericks,Sacramento Kings,0.661900358
323,Houston Rockets,Los Angeles Lakers,0.851772247
324,Golden State Warriors,Los Angeles Clippers,0.713254692
325,Portland Trail Blazers,Milwaukee Bucks,0.749397233
326,Cleveland Cavaliers,New York Knicks,0.880138549
327,Boston Celtics,Orlando Magic,0.660447871
328,Indiana Pacers,Phoenix Suns,0.770172295
329,San Antonio Spurs,Chicago Bulls,0.839662926
330,Portland Trail Blazers,Memphis Grizzlies,0.695140736
331,New Orleans Pelicans,Philadelphia 76ers,0.824380943
332,Toronto Raptors,Minnesota Timberwolves,0.861146327
333,Golden State Warriors,Utah Jazz,0.83545922
334,Washington Wizards,Denver Nuggets,0.727347332
335,Toronto Raptors,Boston Celtics,0.555260026
336,Charlotte Hornets,Orlando Magic,0.764505872
337,Cleveland Cavaliers,Miami Heat,0.725999517
338,Indiana Pacers,Dallas Mavericks,0.5232536
339,Phoenix Suns,Los Angeles Lakers,0.578967598
340,Atlanta Hawks,Milwaukee Bucks,0.693583152
341,Detroit Pistons,Minnesota Timberwolves,0.579768035
342,Oklahoma City Thunder,Houston Rockets,0.807320056
343,Sacramento Kings,New York Knicks,0.563463514
344,Miami Heat,Chicago Bulls,0.651001936
345,Cleveland Cavaliers,Charlotte Hornets,0.751987479
346,Houston Rockets,Dallas Mavericks,0.556435158
347,Portland Trail Blazers,Indiana Pacers,0.521423853
348,Los Angeles Clippers,New Orleans Pelicans,0.847148575
349,Golden State Warriors,Memphis Grizzlies,0.879213992
350,Orlando Magic,Denver Nuggets,0.63105157
351,San Antonio Spurs,Brooklyn Nets,0.966237487
352,Utah Jazz,Sacramento Kings,0.67785033
353,Washington Wizards,Milwaukee Bucks,0.735800285
354,Detroit Pistons,Philadelphia 76ers,0.921671339
355,New York Knicks,Los Angeles Lakers,0.717780836
356,Golden State Warriors,Minnesota Timberwolves,0.892235406
357,Oklahoma City Thunder,Boston Celtics,0.733132765
358,New Orleans Pelicans,Phoenix Suns,0.547235684
359,Dallas Mavericks,Denver Nuggets,0.704205033
360,Houston Rockets,Brooklyn Nets,0.856214264
361,Indiana Pacers,Charlotte Hornets,0.543577803
362,Los Angeles Clippers,Portland Trail Blazers,0.562053333
363,Miami Heat,Washington Wizards,0.653266606
364,Sacramento Kings,Los Angeles Lakers,0.757322484
365,Toronto Raptors,Milwaukee Bucks,0.861999414
366,Atlanta Hawks,Orlando Magic,0.77373597
367,Chicago Bulls,Minnesota Timberwolves,0.666052687
368,Cleveland Cavaliers,Memphis Grizzlies,0.866444731
369,Golden State Warriors,New Orleans Pelicans,0.913677547
370,New York Knicks,Phoenix Suns,0.606927945
371,Oklahoma City Thunder,Portland Trail Blazers,0.634810727
372,Brooklyn Nets,Los Angeles Lakers,0.565627833
373,Dallas Mavericks,Detroit Pistons,0.523732311
374,Houston Rockets,Sacramento Kings,0.701768358
375,Cleveland Cavaliers,Memphis Grizzlies,0.821347141
376,Miami Heat,Indiana Pacers,0.592551071
377,Los Angeles Clippers,Orlando Magic,0.712165277
378,Toronto Raptors,Philadelphia 76ers,0.937101839
379,San Antonio Spurs,Boston Celtics,0.805213317
380,Oklahoma City Thunder,Utah Jazz,0.723520264
381,Charlotte Hornets,Washington Wizards,0.540389377
382,Portland Trail Blazers,Denver Nuggets,0.709256641
383,Golden State Warriors,New York Knicks,0.93760578
384,Chicago Bulls,Milwaukee Bucks,0.630790857
385,Indiana Pacers,New Orleans Pelicans,0.680378233
386,San Antonio Spurs,Phoenix Suns,0.928176648
387,Boston Celtics,Charlotte Hornets,0.577813132
388,Chicago Bulls,Milwaukee Bucks,0.667641783
389,Houston Rockets,New Orleans Pelicans,0.752250908
390,Memphis Grizzlies,Sacramento Kings,0.594771331
391,Los Angeles Clippers,Miami Heat,0.526886104
392,Orlando Magic,Brooklyn Nets,0.780668378
393,Los Angeles Lakers,Philadelphia 76ers,0.580591594
394,Toronto Raptors,Atlanta Hawks,0.6601148
395,Utah Jazz,Dallas Mavericks,0.528689464
396,Washington Wizards,Detroit Pistons,0.552011924
397,Atlanta Hawks,Charlotte Hornets,0.602332132
398,Cleveland Cavaliers,Los Angeles Lakers,0.950242871
399,Denver Nuggets,New York Knicks,0.580840422
400,Detroit Pistons,Indiana Pacers,0.54077153
401,Golden State Warriors,Portland Trail Blazers,0.816356699
402,Houston Rockets,Minnesota Timberwolves,0.581595395
403,Oklahoma City Thunder,Phoenix Suns,0.933511432
404,Dallas Mavericks,Sacramento Kings,0.661900358
405,Utah Jazz,Memphis Grizzlies,0.574951678
406,Miami Heat,Boston Celtics,0.533197243
407,Toronto Raptors,Orlando Magic,0.758071268
408,Brooklyn Nets,Philadelphia 76ers,0.571892135
409,San Antonio Spurs,New Orleans Pelicans,0.935867073
410,Los Angeles Clippers,Washington Wizards,0.613357831
411,Detroit Pistons,Chicago Bulls,0.529443885
412,Dallas Mavericks,Denver Nuggets,0.577571765
413,Indiana Pacers,Washington Wizards,0.649375077
414,Minnesota Timberwolves,Phoenix Suns,0.706803032
415,Oklahoma City Thunder,Atlanta Hawks,0.747902015
416,Charlotte Hornets,Los Angeles Lakers,0.900566138
417,Golden State Warriors,Utah Jazz,0.882263017
418,San Antonio Spurs,Houston Rockets,0.778828274
419,Los Angeles Clippers,Denver Nuggets,0.839311988
420,Boston Celtics,Memphis Grizzlies,0.650824939
421,Miami Heat,Orlando Magic,0.732281034
422,Cleveland Cavaliers,Milwaukee Bucks,0.857739101
423,Indiana Pacers,New York Knicks,0.700435391
424,New Orleans Pelicans,Philadelphia 76ers,0.723745688
425,Portland Trail Blazers,Sacramento Kings,0.723676106
426,Toronto Raptors,Brooklyn Nets,0.925654889
427,Atlanta Hawks,Minnesota Timberwolves,0.831206569
428,Washington Wizards,Chicago Bulls,0.511769439
429,Cleveland Cavaliers,Milwaukee Bucks,0.908495697
430,Detroit Pistons,Memphis Grizzlies,0.67731512
431,Oklahoma City Thunder,New Orleans Pelicans,0.845084381
432,Houston Rockets,Phoenix Suns,0.736665146
433,Portland Trail Blazers,Dallas Mavericks,0.628074204
434,Utah Jazz,Sacramento Kings,0.67785033
435,Golden State Warriors,Brooklyn Nets,0.952462645
436,Indiana Pacers,Boston Celtics,0.528929871
437,San Antonio Spurs,Los Angeles Clippers,0.65860748
438,Miami Heat,Los Angeles Lakers,0.884138042
439,Orlando Magic,New York Knicks,0.55420289
440,Oklahoma City Thunder,Boston Celtics,0.609357365
441,Charlotte Hornets,Chicago Bulls,0.659820406
442,Cleveland Cavaliers,Brooklyn Nets,0.951900606
443,Atlanta Hawks,Denver Nuggets,0.648693456
444,Golden State Warriors,Detroit Pistons,0.808520982
445,Los Angeles Clippers,Dallas Mavericks,0.696029833
446,Houston Rockets,Memphis Grizzlies,0.549970899
447,Washington Wizards,Milwaukee Bucks,0.597090993
448,Minnesota Timberwolves,Sacramento Kings,0.563395107
449,Miami Heat,New Orleans Pelicans,0.745159921
450,Orlando Magic,Los Angeles Lakers,0.774507145
451,Phoenix Suns,Philadelphia 76ers,0.748860048
452,San Antonio Spurs,Portland Trail Blazers,0.723440803
453,Toronto Raptors,Utah Jazz,0.676848458
454,Golden State Warriors,Cleveland Cavaliers,0.57737479
455,Los Angeles Clippers,Los Angeles Lakers,0.899394719
456,Boston Celtics,New York Knicks,0.748552829
457,Oklahoma City Thunder,Minnesota Timberwolves,0.904520384
458,San Antonio Spurs,Chicago Bulls,0.855374833
459,Charlotte Hornets,Brooklyn Nets,0.828678276
460,Indiana Pacers,Chicago Bulls,0.575907177
461,Cleveland Cavaliers,Detroit Pistons,0.727291081
462,Houston Rockets,Phoenix Suns,0.814676439
463,Los Angeles Clippers,Denver Nuggets,0.839311988
464,Atlanta Hawks,Minnesota Timberwolves,0.662523837
465,Dallas Mavericks,New Orleans Pelicans,0.650145957
466,Orlando Magic,Memphis Grizzlies,0.538488084
467,Toronto Raptors,Portland Trail Blazers,0.581819258
468,Sacramento Kings,Philadelphia 76ers,0.855967016
469,Washington Wizards,Milwaukee Bucks,0.735800285
470,Boston Celtics,Memphis Grizzlies,0.745441308
471,Dallas Mavericks,Houston Rockets,0.521859998
472,Utah Jazz,Los Angeles Lakers,0.836073755
473,Oklahoma City Thunder,Miami Heat,0.637960695
474,Atlanta Hawks,New York Knicks,0.797814446
475,Chicago Bulls,Brooklyn Nets,0.800164903
476,Denver Nuggets,Minnesota Timberwolves,0.633610362
477,Detroit Pistons,Milwaukee Bucks,0.762598993
478,Golden State Warriors,Toronto Raptors,0.771466314
479,Los Angeles Clippers,New Orleans Pelicans,0.775159973
480,Charlotte Hornets,Orlando Magic,0.647115731
481,Portland Trail Blazers,Sacramento Kings,0.76005666
482,San Antonio Spurs,Phoenix Suns,0.95480626
483,Washington Wizards,Indiana Pacers,0.505180027
484,Charlotte Hornets,Miami Heat,0.556849737
485,Cleveland Cavaliers,Boston Celtics,0.74083917
486,Dallas Mavericks,Los Angeles Lakers,0.828142247
487,Oklahoma City Thunder,Memphis Grizzlies,0.789543474
488,Toronto Raptors,Phoenix Suns,0.872990711
489,Utah Jazz,Philadelphia 76ers,0.907281136
490,Atlanta Hawks,Detroit Pistons,0.686951416
491,Boston Celtics,Miami Heat,0.544626313
492,Denver Nuggets,Philadelphia 76ers,0.86450042
493,Golden State Warriors,Dallas Mavericks,0.888034465
494,Los Angeles Clippers,Houston Rockets,0.59659387
495,Indiana Pacers,Chicago Bulls,0.616339785
496,Minnesota Timberwolves,Milwaukee Bucks,0.620960996
497,New Orleans Pelicans,New York Knicks,0.50483901
498,San Antonio Spurs,Portland Trail Blazers,0.771641873
499,Washington Wizards,Brooklyn Nets,0.847359598
500,Chicago Bulls,Milwaukee Bucks,0.667641783
501,Cleveland Cavaliers,Charlotte Hornets,0.645320425
502,Houston Rockets,New York Knicks,0.70385937
503,Oklahoma City Thunder,Los Angeles Clippers,0.683508491
504,Sacramento Kings,Memphis Grizzlies,0.514589553
505,Utah Jazz,Phoenix Suns,0.797196739
506,San Antonio Spurs,Atlanta Hawks,0.679593666
507,Indiana Pacers,Orlando Magic,0.728908309
508,Toronto Raptors,Los Angeles Lakers,0.918842863
509,Miami Heat,Detroit Pistons,0.63705476
510,Portland Trail Blazers,Minnesota Timberwolves,0.721725544
511,Utah Jazz,Brooklyn Nets,0.788283611
512,Charlotte Hornets,Chicago Bulls,0.61978253
513,Cleveland Cavaliers,New Orleans Pelicans,0.909837142
514,Golden State Warriors,Denver Nuggets,0.947622262
515,Houston Rockets,Washington Wizards,0.586565351
516,Los Angeles Clippers,Phoenix Suns,0.889185088
517,Oklahoma City Thunder,Milwaukee Bucks,0.831081543
518,Orlando Magic,New York Knicks,0.55420289
519,Boston Celtics,Utah Jazz,0.640026904
520,Dallas Mavericks,Washington Wizards,0.541361797
521,Denver Nuggets,Sacramento Kings,0.578401077
522,Detroit Pistons,Indiana Pacers,0.54077153
523,Memphis Grizzlies,Los Angeles Lakers,0.755900934
524,Minnesota Timberwolves,Philadelphia 76ers,0.72839902
525,Miami Heat,Phoenix Suns,0.821528313
526,San Antonio Spurs,Toronto Raptors,0.719575859
527,Oklahoma City Thunder,Charlotte Hornets,0.597535484
528,Cleveland Cavaliers,Chicago Bulls,0.803533501
529,Golden State Warriors,Portland Trail Blazers,0.816356699
530,Los Angeles Clippers,Memphis Grizzlies,0.780853074
531,New York Knicks,Milwaukee Bucks,0.538463992
532,Atlanta Hawks,Orlando Magic,0.643000727
533,Miami Heat,Sacramento Kings,0.697851702
534,Dallas Mavericks,Phoenix Suns,0.785284008
535,San Antonio Spurs,Denver Nuggets,0.857950512
536,Charlotte Hornets,Detroit Pistons,0.504795379
537,Oklahoma City Thunder,Houston Rockets,0.700602471
538,Indiana Pacers,Brooklyn Nets,0.886018856
539,Atlanta Hawks,New Orleans Pelicans,0.715076498
540,Portland Trail Blazers,Los Angeles Lakers,0.885525232
541,Toronto Raptors,Utah Jazz,0.712490646
542,Boston Celtics,Philadelphia 76ers,0.942581709
543,Cleveland Cavaliers,Brooklyn Nets,0.926765128
544,Golden State Warriors,Memphis Grizzlies,0.925048234
545,Miami Heat,Los Angeles Lakers,0.883479373
546,Milwaukee Bucks,New York Knicks,0.530611849
547,Houston Rockets,Orlando Magic,0.560496309
548,Los Angeles Clippers,Sacramento Kings,0.731413568
549,Washington Wizards,Minnesota Timberwolves,0.734407434
550,Boston Celtics,New Orleans Pelicans,0.81997972
551,Toronto Raptors,Chicago Bulls,0.735823823
552,Atlanta Hawks,Dallas Mavericks,0.564080603
553,Indiana Pacers,New York Knicks,0.75625443
554,Utah Jazz,Minnesota Timberwolves,0.606078082
555,Oklahoma City Thunder,Denver Nuggets,0.901375032
556,San Antonio Spurs,Charlotte Hornets,0.814286624
557,Brooklyn Nets,Philadelphia 76ers,0.712625223
558,Los Angeles Clippers,Miami Heat,0.592710332
559,Orlando Magic,Los Angeles Lakers,0.745858068
560,Utah Jazz,Memphis Grizzlies,0.574951678
561,Washington Wizards,Milwaukee Bucks,0.597090993
562,Cleveland Cavaliers,Phoenix Suns,0.913224321
563,Portland Trail Blazers,Detroit Pistons,0.640196342
564,Golden State Warriors,Sacramento Kings,0.893167696
565,Toronto Raptors,Houston Rockets,0.73283251
566,Oklahoma City Thunder,Chicago Bulls,0.776786964
567,Dallas Mavericks,Minnesota Timberwolves,0.592442959
568,New York Knicks,New Orleans Pelicans,0.542498327
569,Atlanta Hawks,Brooklyn Nets,0.826111561
570,Golden State Warriors,Miami Heat,0.834455261
571,Charlotte Hornets,Houston Rockets,0.52292247
572,Portland Trail Blazers,Los Angeles Lakers,0.895807106
573,Detroit Pistons,Sacramento Kings,0.582137536
574,San Antonio Spurs,Milwaukee Bucks,0.934885185
575,Toronto Raptors,Boston Celtics,0.642659801
576,Cleveland Cavaliers,Utah Jazz,0.762297406
577,Washington Wizards,Chicago Bulls,0.534290144
578,Boston Celtics,Washington Wizards,0.680341429
579,Los Angeles Clippers,Orlando Magic,0.789902591
580,Houston Rockets,Minnesota Timberwolves,0.581595395
581,Oklahoma City Thunder,Memphis Grizzlies,0.861776466
582,New York Knicks,Philadelphia 76ers,0.76994975
583,Cleveland Cavaliers,Portland Trail Blazers,0.680536097
584,New Orleans Pelicans,Brooklyn Nets,0.592396472
585,Indiana Pacers,Denver Nuggets,0.610316508
586,Golden State Warriors,Detroit Pistons,0.893125506
587,Chicago Bulls,New York Knicks,0.675401138
588,Dallas Mavericks,Phoenix Suns,0.745253334
589,San Antonio Spurs,Los Angeles Lakers,0.96505573
590,Atlanta Hawks,Boston Celtics,0.588141116
591,Houston Rockets,Memphis Grizzlies,0.661254185
592,Miami Heat,Milwaukee Bucks,0.725063397
593,Oklahoma City Thunder,Minnesota Timberwolves,0.810144407
594,Charlotte Hornets,Philadelphia 76ers,0.897110719
595,Portland Trail Blazers,Orlando Magic,0.734941306
596,Cleveland Cavaliers,Sacramento Kings,0.840775215
597,Toronto Raptors,Brooklyn Nets,0.925654889
598,Utah Jazz,Detroit Pistons,0.541687131
599,Chicago Bulls,New Orleans Pelicans,0.671236377
600,Los Angeles Clippers,Los Angeles Lakers,0.912960098
601,San Antonio Spurs,Phoenix Suns,0.928176648
602,Utah Jazz,Orlando Magic,0.648114021
603,Washington Wizards,Philadelphia 76ers,0.910727231
604,Atlanta Hawks,Milwaukee Bucks,0.832207758
605,Houston Rockets,Brooklyn Nets,0.770843523
606,Dallas Mavericks,Minnesota Timberwolves,0.711626798
607,Detroit Pistons,Los Angeles Lakers,0.820577551
608,Chicago Bulls,Memphis Grizzlies,0.565736042
609,Oklahoma City Thunder,Sacramento Kings,0.811636952
610,Toronto Raptors,New York Knicks,0.832483464
611,Boston Celtics,Charlotte Hornets,0.577813132
612,Denver Nuggets,Orlando Magic,0.545638187
613,Golden State Warriors,Cleveland Cavaliers,0.687964209
614,Indiana Pacers,New Orleans Pelicans,0.798534852
615,Oklahoma City Thunder,Los Angeles Clippers,0.561785627
616,Milwaukee Bucks,Philadelphia 76ers,0.838831523
617,Atlanta Hawks,New York Knicks,0.733808137
618,Utah Jazz,Phoenix Suns,0.755882641
619,Portland Trail Blazers,Washington Wizards,0.604060467
620,Toronto Raptors,Brooklyn Nets,0.892067715
621,Dallas Mavericks,Chicago Bulls,0.542438753
622,Denver Nuggets,Los Angeles Lakers,0.678712871
623,Miami Heat,Houston Rockets,0.635317737
624,San Antonio Spurs,Minnesota Timberwolves,0.934448397
625,Boston Celtics,New York Knicks,0.780965345
626,Charlotte Hornets,Portland Trail Blazers,0.525653697
627,Atlanta Hawks,Detroit Pistons,0.500302303
628,Golden State Warriors,Oklahoma City Thunder,0.729866308
629,Houston Rockets,Milwaukee Bucks,0.749211151
630,Orlando Magic,New Orleans Pelicans,0.530911887
631,Toronto Raptors,Philadelphia 76ers,0.937101839
632,Indiana Pacers,Sacramento Kings,0.627062781
633,Washington Wizards,Memphis Grizzlies,0.645366201
634,Cleveland Cavaliers,Phoenix Suns,0.935937072
635,Los Angeles Clippers,Minnesota Timberwolves,0.844094307
636,Miami Heat,Dallas Mavericks,0.624888795
637,Washington Wizards,New York Knicks,0.643471676
638,San Antonio Spurs,Denver Nuggets,0.932215069
639,Atlanta Hawks,Chicago Bulls,0.671389958
640,Toronto Raptors,Charlotte Hornets,0.543028737
641,Utah Jazz,Dallas Mavericks,0.503508506
642,Golden State Warriors,Houston Rockets,0.819505454
643,Indiana Pacers,Los Angeles Lakers,0.846621828
644,Memphis Grizzlies,Sacramento Kings,0.594771331
645,New Orleans Pelicans,Brooklyn Nets,0.718656857
646,Orlando Magic,Milwaukee Bucks,0.641016485
647,Portland Trail Blazers,Philadelphia 76ers,0.918790682
648,Atlanta Hawks,Philadelphia 76ers,0.947829087
649,Boston Celtics,Portland Trail Blazers,0.51332184
650,Chicago Bulls,Sacramento Kings,0.612744125
651,Charlotte Hornets,Brooklyn Nets,0.903711223
652,San Antonio Spurs,Cleveland Cavaliers,0.514460091
653,Los Angeles Clippers,Denver Nuggets,0.717240106
654,Detroit Pistons,Washington Wizards,0.604047056
655,Houston Rockets,Memphis Grizzlies,0.549970899
656,Miami Heat,Milwaukee Bucks,0.798678288
657,New York Knicks,Phoenix Suns,0.631914487
658,Indiana Pacers,Utah Jazz,0.505236225
659,Dallas Mavericks,Los Angeles Lakers,0.827013966
660,Minnesota Timberwolves,Denver Nuggets,0.610777401
661,Golden State Warriors,Orlando Magic,0.883667798
662,Toronto Raptors,Phoenix Suns,0.901878642
663,Atlanta Hawks,Los Angeles Clippers,0.528881134
664,San Antonio Spurs,Brooklyn Nets,0.939538711
665,Charlotte Hornets,Washington Wizards,0.690988847
666,Detroit Pistons,Sacramento Kings,0.716731273
667,Indiana Pacers,New York Knicks,0.75625443
668,Golden State Warriors,Miami Heat,0.773705833
669,Houston Rockets,Milwaukee Bucks,0.615783476
670,Cleveland Cavaliers,New Orleans Pelicans,0.869878099
671,Oklahoma City Thunder,Utah Jazz,0.723520264
672,Utah Jazz,Denver Nuggets,0.591361243
673,Chicago Bulls,Orlando Magic,0.576176878
674,Los Angeles Clippers,Philadelphia 76ers,0.921656125
675,Minnesota Timberwolves,Phoenix Suns,0.553026015
676,San Antonio Spurs,Toronto Raptors,0.627443281
677,Boston Celtics,Washington Wizards,0.554980779
678,Boston Celtics,Houston Rockets,0.663071244
679,Miami Heat,Brooklyn Nets,0.846980167
680,Atlanta Hawks,Chicago Bulls,0.615538157
681,Golden State Warriors,Charlotte Hornets,0.74231558
682,Cleveland Cavaliers,Sacramento Kings,0.886625633
683,Dallas Mavericks,New York Knicks,0.664137118
684,Toronto Raptors,Memphis Grizzlies,0.750168431
685,Milwaukee Bucks,Philadelphia 76ers,0.838831523
686,Oklahoma City Thunder,New Orleans Pelicans,0.845084381
687,Portland Trail Blazers,Los Angeles Lakers,0.885525232
688,Denver Nuggets,Phoenix Suns,0.719335522
689,Indiana Pacers,Minnesota Timberwolves,0.624783831
690,Oklahoma City Thunder,Dallas Mavericks,0.800263507
691,Utah Jazz,Los Angeles Lakers,0.837091761
692,Atlanta Hawks,Washington Wizards,0.701977148
693,Boston Celtics,Orlando Magic,0.755495244
694,Miami Heat,Chicago Bulls,0.651001936
695,Cleveland Cavaliers,Brooklyn Nets,0.951900606
696,Indiana Pacers,Sacramento Kings,0.754404285
697,San Antonio Spurs,New Orleans Pelicans,0.891411304
698,Charlotte Hornets,New York Knicks,0.737304064
699,Houston Rockets,Philadelphia 76ers,0.858430792
700,Portland Trail Blazers,Memphis Grizzlies,0.724350568
701,Toronto Raptors,Milwaukee Bucks,0.861999414
702,Charlotte Hornets,Sacramento Kings,0.787629356
703,Golden State Warriors,Los Angeles Clippers,0.810432059
704,Miami Heat,Detroit Pistons,0.63705476
705,Boston Celtics,Milwaukee Bucks,0.70967442
706,Minnesota Timberwolves,Brooklyn Nets,0.765561464
707,Denver Nuggets,Phoenix Suns,0.56188106
708,Utah Jazz,Memphis Grizzlies,0.635773326
709,Atlanta Hawks,New York Knicks,0.797814446
710,Chicago Bulls,Philadelphia 76ers,0.880358764
711,Cleveland Cavaliers,Oklahoma City Thunder,0.586817922
712,Indiana Pacers,Houston Rockets,0.631338445
713,Washington Wizards,New Orleans Pelicans,0.62166066
714,Golden State Warriors,Portland Trail Blazers,0.771313561
715,San Antonio Spurs,Dallas Mavericks,0.857730741
716,Toronto Raptors,Orlando Magic,0.811558552
717,Boston Celtics,Detroit Pistons,0.664745831
718,Cleveland Cavaliers,Dallas Mavericks,0.775120252
719,Miami Heat,Brooklyn Nets,0.887737971
720,Minnesota Timberwolves,Orlando Magic,0.530412834
721,Sacramento Kings,Philadelphia 76ers,0.771718223
722,Memphis Grizzlies,Phoenix Suns,0.65277805
723,Houston Rockets,Sacramento Kings,0.701768358
724,Denver Nuggets,Los Angeles Lakers,0.678712871
725,Portland Trail Blazers,Charlotte Hornets,0.551195731
726,San Antonio Spurs,Oklahoma City Thunder,0.672539566
727,Toronto Raptors,New Orleans Pelicans,0.863920393
728,Washington Wizards,New York Knicks,0.689029931
729,Toronto Raptors,Boston Celtics,0.555260026
730,New York Knicks,Brooklyn Nets,0.649943405
731,Cleveland Cavaliers,Minnesota Timberwolves,0.907899328
732,Dallas Mavericks,Philadelphia 76ers,0.901032029
733,Denver Nuggets,Memphis Grizzlies,0.532297097
734,Detroit Pistons,New Orleans Pelicans,0.765527263
735,Golden State Warriors,Charlotte Hornets,0.852250044
736,Miami Heat,Atlanta Hawks,0.552274088
737,Oklahoma City Thunder,Chicago Bulls,0.797180992
738,Indiana Pacers,Orlando Magic,0.604381166
739,Los Angeles Clippers,Phoenix Suns,0.844415286
740,Utah Jazz,Milwaukee Bucks,0.727621212
741,Atlanta Hawks,Houston Rockets,0.518436964
742,Golden State Warriors,Los Angeles Clippers,0.713254692
743,San Antonio Spurs,Philadelphia 76ers,0.981340519
744,Washington Wizards,Los Angeles Lakers,0.842694288
745,Boston Celtics,Los Angeles Lakers,0.896053697
746,Indiana Pacers,Brooklyn Nets,0.801175523
747,Denver Nuggets,Milwaukee Bucks,0.6352693
748,Detroit Pistons,Minnesota Timberwolves,0.761301591
749,Houston Rockets,Chicago Bulls,0.55169766
750,Oklahoma City Thunder,Memphis Grizzlies,0.861776466
751,Toronto Raptors,Orlando Magic,0.758071268
752,Portland Trail Blazers,Dallas Mavericks,0.628074204
753,Sacramento Kings,Phoenix Suns,0.704781952
754,Atlanta Hawks,Orlando Magic,0.77373597
755,Indiana Pacers,Detroit Pistons,0.633083475
756,Miami Heat,Philadelphia 76ers,0.935616456
757,Minnesota Timberwolves,Memphis Grizzlies,0.517020407
758,Cleveland Cavaliers,New York Knicks,0.880138549
759,Milwaukee Bucks,Phoenix Suns,0.551257243
760,Golden State Warriors,Sacramento Kings,0.893167696
761,San Antonio Spurs,Denver Nuggets,0.932215069
762,Charlotte Hornets,Utah Jazz,0.550719157
763,Washington Wizards,New Orleans Pelicans,0.738945953
764,Boston Celtics,Los Angeles Clippers,0.503565916
765,Toronto Raptors,Brooklyn Nets,0.892067715
766,Oklahoma City Thunder,Portland Trail Blazers,0.691891836
767,Atlanta Hawks,Utah Jazz,0.663039821
768,Dallas Mavericks,Denver Nuggets,0.577571765
769,Detroit Pistons,Philadelphia 76ers,0.921671339
770,Oklahoma City Thunder,Indiana Pacers,0.64190905
771,San Antonio Spurs,Memphis Grizzlies,0.8495222
772,Miami Heat,Minnesota Timberwolves,0.695795476
773,New Orleans Pelicans,Phoenix Suns,0.653463893
774,New York Knicks,Los Angeles Lakers,0.691751446
775,Chicago Bulls,Sacramento Kings,0.599403715
776,Toronto Raptors,Los Angeles Clippers,0.585718687
777,Cleveland Cavaliers,Washington Wizards,0.754665121
778,Charlotte Hornets,Brooklyn Nets,0.903711223
779,Portland Trail Blazers,Dallas Mavericks,0.630931538
780,Houston Rockets,Orlando Magic,0.673175347
781,Atlanta Hawks,Denver Nuggets,0.826110365
782,Washington Wizards,Brooklyn Nets,0.756714421
783,Detroit Pistons,Los Angeles Lakers,0.860703018
784,Golden State Warriors,Chicago Bulls,0.886113742
785,Cleveland Cavaliers,Indiana Pacers,0.687183604
786,Memphis Grizzlies,Phoenix Suns,0.732761818
787,Miami Heat,Milwaukee Bucks,0.725063397
788,Toronto Raptors,Minnesota Timberwolves,0.773518052
789,Utah Jazz,New Orleans Pelicans,0.662948876
790,Los Angeles Clippers,New York Knicks,0.791095541
791,San Antonio Spurs,Philadelphia 76ers,0.965531164
792,Boston Celtics,Sacramento Kings,0.681608444
793,Charlotte Hornets,Houston Rockets,0.674018283
794,Utah Jazz,Dallas Mavericks,0.503508506
795,Oklahoma City Thunder,Cleveland Cavaliers,0.526909364
796,Orlando Magic,Philadelphia 76ers,0.867389541
797,Portland Trail Blazers,Boston Celtics,0.536583853
798,Miami Heat,Brooklyn Nets,0.846980167
799,San Antonio Spurs,Detroit Pistons,0.766074913
800,Golden State Warriors,Memphis Grizzlies,0.879213992
801,Milwaukee Bucks,Los Angeles Lakers,0.732124019
802,Minnesota Timberwolves,New Orleans Pelicans,0.624776717
803,New York Knicks,Denver Nuggets,0.527749595
804,Chicago Bulls,Phoenix Suns,0.748876449
805,Atlanta Hawks,Sacramento Kings,0.664696581
806,Washington Wizards,Indiana Pacers,0.505180027
807,Charlotte Hornets,Los Angeles Clippers,0.515911852
808,Cleveland Cavaliers,Denver Nuggets,0.904853578
809,Dallas Mavericks,Orlando Magic,0.631492164
810,Houston Rockets,Phoenix Suns,0.814676439
811,Indiana Pacers,Milwaukee Bucks,0.795908905
812,Golden State Warriors,Oklahoma City Thunder,0.587045533
813,Miami Heat,Philadelphia 76ers,0.908905755
814,Boston Celtics,Utah Jazz,0.565246452
815,Chicago Bulls,Minnesota Timberwolves,0.597064354
816,San Antonio Spurs,New York Knicks,0.90016867
817,Sacramento Kings,New Orleans Pelicans,0.622492208
818,Toronto Raptors,Detroit Pistons,0.734299309
819,Memphis Grizzlies,Brooklyn Nets,0.693311387
820,Charlotte Hornets,Philadelphia 76ers,0.945197843
821,Boston Celtics,Dallas Mavericks,0.58288268
822,Golden State Warriors,Denver Nuggets,0.88620203
823,San Antonio Spurs,Indiana Pacers,0.72955033
824,Miami Heat,Orlando Magic,0.732281034
825,Detroit Pistons,Milwaukee Bucks,0.614006334
826,New Orleans Pelicans,Phoenix Suns,0.547235684
827,Portland Trail Blazers,Atlanta Hawks,0.55563764
828,Los Angeles Clippers,Utah Jazz,0.623191178
829,Oklahoma City Thunder,Washington Wizards,0.715108222
830,Toronto Raptors,Chicago Bulls,0.735823823
831,Sacramento Kings,Los Angeles Lakers,0.719804405
832,Cleveland Cavaliers,Minnesota Timberwolves,0.839467889
833,Boston Celtics,Philadelphia 76ers,0.942581709
834,Milwaukee Bucks,Brooklyn Nets,0.596312809
835,Cleveland Cavaliers,Indiana Pacers,0.784463805
836,Denver Nuggets,Minnesota Timberwolves,0.633610362
837,Detroit Pistons,Dallas Mavericks,0.574266191
838,Golden State Warriors,Sacramento Kings,0.937017537
839,Miami Heat,Houston Rockets,0.556402704
840,Los Angeles Clippers,Atlanta Hawks,0.62901069
841,Memphis Grizzlies,New Orleans Pelicans,0.654447332
842,Oklahoma City Thunder,New York Knicks,0.883600786
843,San Antonio Spurs,Orlando Magic,0.85489015
844,Phoenix Suns,Los Angeles Lakers,0.61026064
845,Toronto Raptors,Charlotte Hornets,0.656070815
846,Portland Trail Blazers,Utah Jazz,0.613981455
847,Boston Celtics,Chicago Bulls,0.633562575
848,Indiana Pacers,Washington Wizards,0.649375077
849,Cleveland Cavaliers,New York Knicks,0.887628083
850,Charlotte Hornets,Detroit Pistons,0.504795379
851,Golden State Warriors,Los Angeles Clippers,0.810432059
852,Houston Rockets,New Orleans Pelicans,0.639900711
853,Portland Trail Blazers,Orlando Magic,0.704097641
854,Sacramento Kings,Denver Nuggets,0.608461073
855,Atlanta Hawks,Miami Heat,0.569637151
856,Chicago Bulls,Phoenix Suns,0.747215573
857,Denver Nuggets,Brooklyn Nets,0.776377
858,Indiana Pacers,Memphis Grizzlies,0.718168954
859,San Antonio Spurs,Los Angeles Clippers,0.65860748
860,Utah Jazz,Milwaukee Bucks,0.639505649
861,Dallas Mavericks,Minnesota Timberwolves,0.592442959
862,Oklahoma City Thunder,Los Angeles Lakers,0.948328993
863,Washington Wizards,Philadelphia 76ers,0.848641674
864,Toronto Raptors,Boston Celtics,0.642659801
865,Cleveland Cavaliers,Chicago Bulls,0.803533501
866,Dallas Mavericks,New Orleans Pelicans,0.716404276
867,Golden State Warriors,Brooklyn Nets,0.97412618
868,Houston Rockets,Minnesota Timberwolves,0.747864774
869,Miami Heat,Indiana Pacers,0.592551071
870,New York Knicks,Philadelphia 76ers,0.810375831
871,Atlanta Hawks,Orlando Magic,0.643000727
872,Charlotte Hornets,Sacramento Kings,0.668690361
873,Denver Nuggets,Memphis Grizzlies,0.532297097
874,Boston Celtics,Detroit Pistons,0.519512042
875,Los Angeles Clippers,Charlotte Hornets,0.62480697
876,San Antonio Spurs,Los Angeles Lakers,0.955129896
877,Milwaukee Bucks,Phoenix Suns,0.67645864
878,Oklahoma City Thunder,New Orleans Pelicans,0.906521972
879,Toronto Raptors,Portland Trail Blazers,0.595158095
880,Washington Wizards,Utah Jazz,0.524921368
881,Boston Celtics,Atlanta Hawks,0.58219129
882,Cleveland Cavaliers,Milwaukee Bucks,0.908495697
883,Miami Heat,Dallas Mavericks,0.601215831
884,Houston Rockets,Indiana Pacers,0.522703612
885,Toronto Raptors,New York Knicks,0.827462955
886,Golden State Warriors,Philadelphia 76ers,0.973058389
887,Sacramento Kings,Minnesota Timberwolves,0.616978514
888,Chicago Bulls,Denver Nuggets,0.658021655
889,Portland Trail Blazers,Detroit Pistons,0.569468901
890,Charlotte Hornets,Los Angeles Lakers,0.868867077
891,Memphis Grizzlies,Phoenix Suns,0.732761818
892,Oklahoma City Thunder,Utah Jazz,0.791032394
893,Golden State Warriors,Washington Wizards,0.829651102
894,Atlanta Hawks,Dallas Mavericks,0.675606321
895,Cleveland Cavaliers,Boston Celtics,0.656545465
896,Los Angeles Clippers,Houston Rockets,0.705413312
897,Miami Heat,Philadelphia 76ers,0.935616456
898,Milwaukee Bucks,Denver Nuggets,0.576450262
899,Detroit Pistons,New Orleans Pelicans,0.638169574
900,Orlando Magic,New York Knicks,0.586887534
901,Sacramento Kings,Brooklyn Nets,0.763810071
902,San Antonio Spurs,Indiana Pacers,0.840337189
903,Toronto Raptors,Washington Wizards,0.747886488
904,Utah Jazz,Minnesota Timberwolves,0.726201287
905,Golden State Warriors,Chicago Bulls,0.871004719
906,Charlotte Hornets,Phoenix Suns,0.800897861
907,Oklahoma City Thunder,Portland Trail Blazers,0.634810727
908,Cleveland Cavaliers,Atlanta Hawks,0.633334291
909,Dallas Mavericks,Memphis Grizzlies,0.618911298
910,Boston Celtics,Los Angeles Lakers,0.875434035
911,Los Angeles Clippers,Milwaukee Bucks,0.756656651
912,San Antonio Spurs,New Orleans Pelicans,0.891411304
913,Miami Heat,Orlando Magic,0.67725951
914,New York Knicks,Philadelphia 76ers,0.76994975
915,Oklahoma City Thunder,Phoenix Suns,0.895699581
916,Utah Jazz,Brooklyn Nets,0.841892054
917,Toronto Raptors,Washington Wizards,0.667668651
918,Los Angeles Clippers,Chicago Bulls,0.68743694
919,Charlotte Hornets,Denver Nuggets,0.652778276
920,Houston Rockets,Memphis Grizzlies,0.661254185
921,Cleveland Cavaliers,Miami Heat,0.683488306
922,Toronto Raptors,Milwaukee Bucks,0.797484637
923,Detroit Pistons,Philadelphia 76ers,0.85751629
924,Portland Trail Blazers,Brooklyn Nets,0.889087467
925,San Antonio Spurs,Minnesota Timberwolves,0.934448397
926,Atlanta Hawks,Indiana Pacers,0.645158083
927,Oklahoma City Thunder,Dallas Mavericks,0.7377152
928,New Orleans Pelicans,Los Angeles Lakers,0.665648976
929,Golden State Warriors,New York Knicks,0.920798752
930,Boston Celtics,Phoenix Suns,0.810124784
931,Utah Jazz,Sacramento Kings,0.608399434
932,Washington Wizards,Orlando Magic,0.657556938
933,Golden State Warriors,Atlanta Hawks,0.732247287
934,Charlotte Hornets,Indiana Pacers,0.633169582
935,Cleveland Cavaliers,Miami Heat,0.725999517
936,Denver Nuggets,Sacramento Kings,0.578401077
937,Detroit Pistons,Chicago Bulls,0.56957182
938,Los Angeles Clippers,Boston Celtics,0.61089988
939,Memphis Grizzlies,Brooklyn Nets,0.78787923
940,Orlando Magic,New York Knicks,0.586887534
941,Milwaukee Bucks,Philadelphia 76ers,0.726981628
942,San Antonio Spurs,Houston Rockets,0.863104319
943,Utah Jazz,New Orleans Pelicans,0.730828639
944,Dallas Mavericks,Los Angeles Lakers,0.827013966
945,Oklahoma City Thunder,Portland Trail Blazers,0.691891836
946,Washington Wizards,Phoenix Suns,0.721190918
947,Atlanta Hawks,Brooklyn Nets,0.9081408
948,Washington Wizards,Denver Nuggets,0.547291999
949,Golden State Warriors,Boston Celtics,0.844677708
950,Houston Rockets,Utah Jazz,0.542379136
951,Indiana Pacers,Detroit Pistons,0.633083475
952,Miami Heat,Charlotte Hornets,0.547825919
953,Milwaukee Bucks,New York Knicks,0.530611849
954,Los Angeles Clippers,Minnesota Timberwolves,0.729497209
955,Toronto Raptors,New Orleans Pelicans,0.813648065
956,Chicago Bulls,Orlando Magic,0.576176878
957,San Antonio Spurs,Sacramento Kings,0.918758342
958,Cleveland Cavaliers,Detroit Pistons,0.727291081
959,Los Angeles Clippers,Memphis Grizzlies,0.703349689
960,San Antonio Spurs,Oklahoma City Thunder,0.524384564
961,Phoenix Suns,Los Angeles Lakers,0.61026064
962,Portland Trail Blazers,Philadelphia 76ers,0.93643162
963,Toronto Raptors,Atlanta Hawks,0.53010289
964,Houston Rockets,Chicago Bulls,0.531313172
965,Charlotte Hornets,Orlando Magic,0.764505872
966,Dallas Mavericks,Brooklyn Nets,0.832051635
967,Boston Celtics,Denver Nuggets,0.6660069
968,Indiana Pacers,Milwaukee Bucks,0.657521023
969,Golden State Warriors,Minnesota Timberwolves,0.892235406
970,Washington Wizards,Sacramento Kings,0.564815459
971,Charlotte Hornets,New Orleans Pelicans,0.827157607
972,Dallas Mavericks,Phoenix Suns,0.785284008
973,Detroit Pistons,New York Knicks,0.718759418
974,Los Angeles Clippers,Philadelphia 76ers,0.95232319
975,Atlanta Hawks,Memphis Grizzlies,0.633157982
976,Toronto Raptors,Miami Heat,0.585127588
977,Milwaukee Bucks,Minnesota Timberwolves,0.585189326
978,Oklahoma City Thunder,Utah Jazz,0.791032394
979,Cleveland Cavaliers,Orlando Magic,0.827516103
980,Portland Trail Blazers,Washington Wizards,0.65634356
981,Sacramento Kings,Denver Nuggets,0.608461073
982,San Antonio Spurs,Golden State Warriors,0.51421158
983,Boston Celtics,Chicago Bulls,0.64864512
984,New York Knicks,Brooklyn Nets,0.649943405
985,Cleveland Cavaliers,Houston Rockets,0.741445256
986,Indiana Pacers,Miami Heat,0.509982083
987,Los Angeles Lakers,Philadelphia 76ers,0.644162889
988,Portland Trail Blazers,Phoenix Suns,0.83921758
989,Charlotte Hornets,Chicago Bulls,0.659820406
990,Denver Nuggets,Los Angeles Lakers,0.770130714
991,Memphis Grizzlies,Milwaukee Bucks,0.650764679
992,Washington Wizards,Minnesota Timberwolves,0.562421566
993,Sacramento Kings,Orlando Magic,0.527987847
994,San Antonio Spurs,Atlanta Hawks,0.816989216
995,Toronto Raptors,Dallas Mavericks,0.723980672
996,Los Angeles Clippers,Utah Jazz,0.623191178
997,Oklahoma City Thunder,Brooklyn Nets,0.911710635
998,Cleveland Cavaliers,Detroit Pistons,0.814565596
999,Golden State Warriors,Philadelphia 76ers,0.985752387
1000,Portland Trail Blazers,New Orleans Pelicans,0.768283506
1001,Indiana Pacers,New York Knicks,0.700435391
1002,Boston Celtics,Minnesota Timberwolves,0.816500159
1003,Chicago Bulls,Memphis Grizzlies,0.56758806
1004,Detroit Pistons,Utah Jazz,0.560328739
1005,Houston Rockets,Los Angeles Lakers,0.851772247
1006,Indiana Pacers,Charlotte Hornets,0.543577803
1007,Los Angeles Clippers,Milwaukee Bucks,0.845033305
1008,Miami Heat,New Orleans Pelicans,0.801277498
1009,Sacramento Kings,Phoenix Suns,0.609313724
1010,San Antonio Spurs,Portland Trail Blazers,0.771641873
1011,Washington Wizards,Dallas Mavericks,0.539057903
1012,Atlanta Hawks,Memphis Grizzlies,0.764197982
1013,Cleveland Cavaliers,Utah Jazz,0.797528571
1014,Los Angeles Clippers,Denver Nuggets,0.717240106
1015,Golden State Warriors,Orlando Magic,0.928687114
1016,New York Knicks,Brooklyn Nets,0.699295944
1017,Oklahoma City Thunder,Toronto Raptors,0.528115626
1018,Boston Celtics,Brooklyn Nets,0.836879991
1019,Toronto Raptors,Detroit Pistons,0.635278937
1020,Milwaukee Bucks,Los Angeles Lakers,0.669254446
1021,Miami Heat,Minnesota Timberwolves,0.797525709
1022,Houston Rockets,New Orleans Pelicans,0.639900711
1023,Dallas Mavericks,Philadelphia 76ers,0.863782129
1024,Orlando Magic,Phoenix Suns,0.640510196
1025,Washington Wizards,Chicago Bulls,0.534290144
1026,Atlanta Hawks,Portland Trail Blazers,0.538595405
1027,Utah Jazz,Chicago Bulls,0.556494441
1028,Charlotte Hornets,Washington Wizards,0.690988847
1029,Houston Rockets,Denver Nuggets,0.566617931
1030,Golden State Warriors,Milwaukee Bucks,0.949718209
1031,Cleveland Cavaliers,Los Angeles Clippers,0.611052278
1032,San Antonio Spurs,Memphis Grizzlies,0.8495222
1033,Oklahoma City Thunder,Sacramento Kings,0.882567162
1034,Dallas Mavericks,Brooklyn Nets,0.778651972
1035,Detroit Pistons,Phoenix Suns,0.825384056
1036,Cleveland Cavaliers,Los Angeles Lakers,0.945459028
1037,Portland Trail Blazers,Miami Heat,0.517146319
1038,New Orleans Pelicans,Minnesota Timberwolves,0.559927822
1039,Boston Celtics,Philadelphia 76ers,0.902422118
1040,San Antonio Spurs,Sacramento Kings,0.918758342
1041,Toronto Raptors,Indiana Pacers,0.696030072
1042,Boston Celtics,Washington Wizards,0.680341429
1043,Charlotte Hornets,Atlanta Hawks,0.594157763
1044,Houston Rockets,Denver Nuggets,0.741036261
1045,Indiana Pacers,Utah Jazz,0.607408766
1046,Los Angeles Clippers,New York Knicks,0.812677169
1047,Golden State Warriors,Oklahoma City Thunder,0.587045533
1048,Orlando Magic,Philadelphia 76ers,0.867389541
1049,Detroit Pistons,Brooklyn Nets,0.769515142
1050,Golden State Warriors,Dallas Mavericks,0.845137143
1051,Los Angeles Clippers,Los Angeles Lakers,0.899394719
1052,Miami Heat,Phoenix Suns,0.853751418
1053,San Antonio Spurs,Minnesota Timberwolves,0.865253989
1054,Memphis Grizzlies,New Orleans Pelicans,0.544258659
1055,Portland Trail Blazers,Milwaukee Bucks,0.800858207
1056,Toronto Raptors,Chicago Bulls,0.720132604
1057,Boston Celtics,Indiana Pacers,0.621620854
1058,Detroit Pistons,Chicago Bulls,0.529443885
1059,Cleveland Cavaliers,Denver Nuggets,0.831039682
1060,Oklahoma City Thunder,Philadelphia 76ers,0.972184129
1061,Charlotte Hornets,Orlando Magic,0.647115731
1062,Sacramento Kings,Milwaukee Bucks,0.618667434
1063,Utah Jazz,New York Knicks,0.68003258
1064,Atlanta Hawks,Washington Wizards,0.535922351
1065,Phoenix Suns,Brooklyn Nets,0.500961707
1066,Los Angeles Clippers,Dallas Mavericks,0.639973992
1067,Toronto Raptors,Miami Heat,0.585127588
1068,Portland Trail Blazers,New York Knicks,0.761877665
1069,San Antonio Spurs,Memphis Grizzlies,0.903675742
1070,Boston Celtics,Phoenix Suns,0.86832673
1071,Chicago Bulls,Philadelphia 76ers,0.880358764
1072,Cleveland Cavaliers,Charlotte Hornets,0.645320425
1073,Golden State Warriors,Sacramento Kings,0.937017537
1074,Houston Rockets,New Orleans Pelicans,0.752250908
1075,Indiana Pacers,Denver Nuggets,0.788827163
1076,Minnesota Timberwolves,Los Angeles Lakers,0.670835836
1077,Atlanta Hawks,Milwaukee Bucks,0.693583152
1078,Detroit Pistons,Orlando Magic,0.558646729
1079,Washington Wizards,Brooklyn Nets,0.847359598
1080,Cleveland Cavaliers,Washington Wizards,0.825026254
1081,Toronto Raptors,Dallas Mavericks,0.69242094
1082,Los Angeles Clippers,Utah Jazz,0.683884318
1083,Portland Trail Blazers,Minnesota Timberwolves,0.799714979
1084,San Antonio Spurs,New York Knicks,0.919502472
1085,Atlanta Hawks,Brooklyn Nets,0.9081408
1086,Boston Celtics,Miami Heat,0.544626313
1087,Charlotte Hornets,Phoenix Suns,0.873873409
1088,Denver Nuggets,New Orleans Pelicans,0.639024714
1089,Golden State Warriors,Memphis Grizzlies,0.925048234
1090,Oklahoma City Thunder,Houston Rockets,0.700602471
1091,Indiana Pacers,Philadelphia 76ers,0.934576491
1092,Los Angeles Clippers,Sacramento Kings,0.811148351
1093,Portland Trail Blazers,Los Angeles Lakers,0.895807106
1094,Chicago Bulls,Milwaukee Bucks,0.630790857
1095,Oklahoma City Thunder,Dallas Mavericks,0.7377152
1096,Detroit Pistons,New York Knicks,0.659550072
1097,Sacramento Kings,Memphis Grizzlies,0.514589553
1098,San Antonio Spurs,Cleveland Cavaliers,0.626298148
1099,Toronto Raptors,Orlando Magic,0.811558552
1100,Utah Jazz,New Orleans Pelicans,0.730828639
1101,Atlanta Hawks,Phoenix Suns,0.87949258
1102,Brooklyn Nets,Philadelphia 76ers,0.712625223
1103,Charlotte Hornets,Milwaukee Bucks,0.824822893
1104,Miami Heat,Detroit Pistons,0.538424852
1105,Golden State Warriors,Houston Rockets,0.819505454
1106,Indiana Pacers,Minnesota Timberwolves,0.794744546
1107,Washington Wizards,Los Angeles Lakers,0.80991221
1108,Portland Trail Blazers,Denver Nuggets,0.79390373
1109,Boston Celtics,Milwaukee Bucks,0.817569433
1110,Los Angeles Clippers,Washington Wizards,0.721424968
1111,Indiana Pacers,Memphis Grizzlies,0.594145721
1112,Dallas Mavericks,New Orleans Pelicans,0.650145957
1113,Miami Heat,New York Knicks,0.762570479
1114,Oklahoma City Thunder,Orlando Magic,0.796538589
1115,Atlanta Hawks,Philadelphia 76ers,0.895439886
1116,Utah Jazz,Sacramento Kings,0.608399434
1117,San Antonio Spurs,Golden State Warriors,0.51421158
1118,Toronto Raptors,Charlotte Hornets,0.656070815
1119,Cleveland Cavaliers,Chicago Bulls,0.810054596
1120,Detroit Pistons,Brooklyn Nets,0.864919846
1121,Minnesota Timberwolves,Los Angeles Lakers,0.759106812
1122,Los Angeles Clippers,Phoenix Suns,0.844415286
1123,Portland Trail Blazers,Houston Rockets,0.638465822
1124,Boston Celtics,Orlando Magic,0.755495244
1125,Charlotte Hornets,Denver Nuggets,0.818515665
1126,Cleveland Cavaliers,Philadelphia 76ers,0.973239354
1127,Golden State Warriors,Houston Rockets,0.892407033
1128,Dallas Mavericks,Memphis Grizzlies,0.561019513
1129,Miami Heat,New York Knicks,0.759399236
1130,Detroit Pistons,Milwaukee Bucks,0.614006334
1131,New Orleans Pelicans,Sacramento Kings,0.502336327
1132,San Antonio Spurs,Oklahoma City Thunder,0.524384564
1133,Toronto Raptors,Indiana Pacers,0.696030072
1134,Utah Jazz,Washington Wizards,0.559211361
1135,Orlando Magic,Brooklyn Nets,0.681777501
1136,Atlanta Hawks,Chicago Bulls,0.615538157
1137,Los Angeles Clippers,Los Angeles Lakers,0.912960098
1138,Minnesota Timberwolves,Sacramento Kings,0.563395107
1139,Portland Trail Blazers,Phoenix Suns,0.855442937
1140,Atlanta Hawks,Brooklyn Nets,0.826111561
1141,Cleveland Cavaliers,Indiana Pacers,0.784463805
1142,Golden State Warriors,Washington Wizards,0.899700158
1143,Memphis Grizzlies,Los Angeles Lakers,0.755900934
1144,Miami Heat,Denver Nuggets,0.791667486
1145,Dallas Mavericks,Milwaukee Bucks,0.626314183
1146,Chicago Bulls,New Orleans Pelicans,0.654494627
1147,Boston Celtics,New York Knicks,0.748552829
1148,Oklahoma City Thunder,Charlotte Hornets,0.74449825
1149,Houston Rockets,Phoenix Suns,0.736665146
1150,San Antonio Spurs,Utah Jazz,0.850659927
1151,Toronto Raptors,Philadelphia 76ers,0.958125037
1152,Cleveland Cavaliers,Orlando Magic,0.87253675
1153,Golden State Warriors,Minnesota Timberwolves,0.949375532
1154,Toronto Raptors,Indiana Pacers,0.589281183
1155,New Orleans Pelicans,Denver Nuggets,0.551064842
1156,Chicago Bulls,New York Knicks,0.675401138
1157,Oklahoma City Thunder,Milwaukee Bucks,0.905136346
1158,Brooklyn Nets,Philadelphia 76ers,0.571892135
1159,Dallas Mavericks,Sacramento Kings,0.594790942
1160,San Antonio Spurs,Memphis Grizzlies,0.903675742
1161,Portland Trail Blazers,Utah Jazz,0.613981455
1162,Charlotte Hornets,Washington Wizards,0.540389377
1163,Cleveland Cavaliers,Boston Celtics,0.656545465
1164,Charlotte Hornets,Miami Heat,0.556849737
1165,Toronto Raptors,Detroit Pistons,0.635278937
1166,Houston Rockets,Denver Nuggets,0.741036261
1167,Los Angeles Clippers,Dallas Mavericks,0.696029833
1168,Oklahoma City Thunder,Memphis Grizzlies,0.789543474
1169,Golden State Warriors,Phoenix Suns,0.943382931
1170,San Antonio Spurs,Los Angeles Lakers,0.96505573
1171,Atlanta Hawks,Boston Celtics,0.588141116
1172,Indiana Pacers,Milwaukee Bucks,0.795908905
1173,Washington Wizards,New York Knicks,0.643471676
1174,Orlando Magic,Brooklyn Nets,0.780668378
1175,Chicago Bulls,Philadelphia 76ers,0.866022535
1176,Portland Trail Blazers,Minnesota Timberwolves,0.799714979
1177,Cleveland Cavaliers,Atlanta Hawks,0.755324263
1178,San Antonio Spurs,Dallas Mavericks,0.808889361
1179,Denver Nuggets,New Orleans Pelicans,0.639024714
1180,Houston Rockets,Detroit Pistons,0.56929102
1181,Sacramento Kings,Los Angeles Lakers,0.719804405
1182,Memphis Grizzlies,New York Knicks,0.597181924
1183,Oklahoma City Thunder,Phoenix Suns,0.895699581
1184,Toronto Raptors,Miami Heat,0.62504368
1185,Utah Jazz,Minnesota Timberwolves,0.726201287
1186,Chicago Bulls,Brooklyn Nets,0.781939065
1187,Charlotte Hornets,Boston Celtics,0.575493781
1188,Golden State Warriors,New Orleans Pelicans,0.95048827
1189,Indiana Pacers,Orlando Magic,0.604381166
1190,Milwaukee Bucks,Philadelphia 76ers,0.726981628
1191,Portland Trail Blazers,Utah Jazz,0.614716449
1192,San Antonio Spurs,Los Angeles Clippers,0.764690471
1193,Miami Heat,Washington Wizards,0.57364325
1194,Cleveland Cavaliers,Atlanta Hawks,0.633334291
1195,Oklahoma City Thunder,Denver Nuggets,0.800542461
1196,Minnesota Timberwolves,Los Angeles Lakers,0.670835836
1197,Detroit Pistons,Memphis Grizzlies,0.548112736
1198,Toronto Raptors,New York Knicks,0.827462955
1199,Dallas Mavericks,Phoenix Suns,0.745253334
1200,Houston Rockets,Sacramento Kings,0.583961986
1201,Boston Celtics,Brooklyn Nets,0.899325554
1202,Chicago Bulls,Orlando Magic,0.580715424
1203,Detroit Pistons,Washington Wizards,0.604047056
1204,Golden State Warriors,Utah Jazz,0.882263017
1205,Los Angeles Clippers,Houston Rockets,0.705413312
1206,Cleveland Cavaliers,Miami Heat,0.683488306
1207,Charlotte Hornets,Milwaukee Bucks,0.697389505
1208,Indiana Pacers,Philadelphia 76ers,0.878989399
1209,San Antonio Spurs,Portland Trail Blazers,0.723440803
1210,Atlanta Hawks,Charlotte Hornets,0.602332132
1211,Dallas Mavericks,Denver Nuggets,0.704205033
1212,New Orleans Pelicans,Los Angeles Lakers,0.665648976
1213,Oklahoma City Thunder,Minnesota Timberwolves,0.810144407
1214,Sacramento Kings,Phoenix Suns,0.704781952
1215,Boston Celtics,Milwaukee Bucks,0.817569433
1216,Chicago Bulls,Brooklyn Nets,0.800164903
1217,Cleveland Cavaliers,Toronto Raptors,0.639568366
1218,Golden State Warriors,Los Angeles Lakers,0.973212889
1219,Houston Rockets,Minnesota Timberwolves,0.747864774
1220,Indiana Pacers,Atlanta Hawks,0.548033285
1221,Los Angeles Clippers,Sacramento Kings,0.811148351
1222,Dallas Mavericks,Memphis Grizzlies,0.561019513
1223,Miami Heat,Washington Wizards,0.653266606
1224,New York Knicks,Philadelphia 76ers,0.810375831
1225,Oklahoma City Thunder,Denver Nuggets,0.901375032
1226,Detroit Pistons,Orlando Magic,0.558646729
1227,Portland Trail Blazers,New Orleans Pelicans,0.8034362
1228,San Antonio Spurs,Utah Jazz,0.797488985
